{"cameraMode":{"drawMode":0,"name":"Shaded","section":"Shading Mode"},"sceneLighting":true,"audioPlay":false,"sceneViewState":{"m_AlwaysRefresh":false,"showFog":true,"showSkybox":true,"showFlares":true,"showImageEffects":true,"showParticleSystems":true,"showVisualEffectGraphs":true,"m_FxEnabled":true},"in2DMode":false,"pivot":{"x":1.487045407295227,"y":0.21534588932991029,"z":-0.7092475891113281},"rotation":{"x":0.05732743442058563,"y":0.13584847748279572,"z":-0.0078741405159235,"w":0.9890381097793579},"size":2.691197395324707,"orthographic":false}