{"cameraMode":{"drawMode":0,"name":"Shaded","section":"Shading Mode"},"sceneLighting":false,"audioPlay":false,"sceneViewState":{"m_AlwaysRefresh":false,"showFog":true,"showSkybox":false,"showFlares":true,"showImageEffects":true,"showParticleSystems":true,"showVisualEffectGraphs":true,"m_FxEnabled":true},"in2DMode":false,"pivot":{"x":1.1918439865112305,"y":0.4573667049407959,"z":2.505699634552002},"rotation":{"x":-0.020349904894828798,"y":0.24666760861873628,"z":-0.005180713254958391,"w":-0.9688742160797119},"size":1.9495540857315064,"orthographic":false}